Original ID,Raw MetaNetX ID,Final ID
10fthf_c,MNXM1102376_c,MNXM1102376
10fthf_h,MNXM1102376_h,MNXM1102376
10fthf_m,MNXM1102376_m,MNXM1102376
10fthf_x,MNXM1102376_p/glyoxysome,MNXM1102376
10fthfglu_L_c,10fthfglu_L_c,10fthfglu_L_c
10fthfglu_L_m,10fthfglu_L_m,10fthfglu_L_m
12dgr160_h,MNXM3132_h,MNXM3132
12dgr16018111Z_c,MNXM145578_c,MNXM145578
12dgr1601819Z_c,MNXM145574_c,MNXM145574
12dgr1601819Z_h,MNXM145574_h,MNXM145574
12dgr1801819Z_c,MNXM145575_c,MNXM145575
12dgr1801819Z_h,MNXM145575_h,MNXM145575
12dgr18111Z160_c,MNXM147342_c,MNXM147342
12dgr18111Z160_h,MNXM147342_h,MNXM147342
12dgr18111Z18111Z_c,MNXM145577_c,MNXM145577
12dgr18111Z1819Z_c,MNXM145566_c,MNXM145566
12dgr18111Z1819Z_h,MNXM145566_h,MNXM145566
12dgr1819Z160_c,MNXM146745_c,MNXM146745
12dgr1819Z160_h,MNXM146745_h,MNXM146745
12dgr1819Z1619Z_h,MNXM147343_h,MNXM147343
12dgr1819Z18111Z_c,MNXM145573_c,MNXM145573
12dgr1819Z18111Z_h,MNXM145573_h,MNXM145573
12dgr1819Z1819Z_c,MNXM145565_c,MNXM145565
12dgr1819Z1819Z_h,MNXM145565_h,MNXM145565
12dmpo_c,12dmpo_c,12dmpo_c
13dampp_h,MNXM146468_h,MNXM146468
13dpg_c,MNXM261_c,MNXM261
13dpg_f,MNXM261_f,MNXM261
13dpg_h,MNXM261_h,MNXM261
13dpg_m,MNXM261_m,MNXM261
13Shpocdcy1829Z11Ea_c,MNXM165530_c,MNXM165530
1acpc_c,MNXM1128_c,MNXM1128
1agpe180_c,MNXM32694_c,MNXM32694
1agpe18111Z_c,MNXM145879_c,MNXM145879
1agpe1819Z_c,MNXM145880_c,MNXM145880
1agpe1829Z12Z_c,MNXM147357_c,MNXM147357
1btol_c,MNXM3230_c,MNXM3230
1Dgali_c,MNXM729788_c,MNXM729788
1Dgali_h,MNXM729788_h,MNXM729788
1hdecg3p_c,MNXM732965_c,MNXM732965
1hdecg3p_h,MNXM732965_h,MNXM732965
1odec11eg3p_c,MNXM91049_c,MNXM91049
1odec11eg3p_h,MNXM91049_h,MNXM91049
1odec9eg3p_c,MNXM145555_c,MNXM145555
1odec9eg3p_h,MNXM145555_h,MNXM145555
1odecg3p_c,MNXM32950_c,MNXM32950
1odecg3p_h,MNXM32950_h,MNXM32950
1pyr5c_c,MNXM301_c,MNXM301
1pyr5c_m,MNXM301_m,MNXM301
23dhdp_c,MNXM807_c,MNXM807
23dhmb_c,MNXM724607_c,MNXM724607
23dhmb_h,MNXM724607_h,MNXM724607
23dhmb_m,MNXM724607_m,MNXM724607
23dhmp_c,MNXM162891_c,MNXM162891
23dhmp_h,MNXM162891_h,MNXM162891
25aics_c,MNXM607_c,MNXM607
25aics_h,MNXM607_h,MNXM607
25dhpp_h,MNXM90905_h,MNXM90905
25hvitd3_c,MNXM730310_c,MNXM730310
26dap_LL_c,MNXM644_c,MNXM644
26dap_M_c,26dap_M_c,26dap_M_c
2ahbut_h,MNXM726902_h,MNXM726902
2ahethmpp_m,MNXM1705_m,MNXM1705
2ahhmd_c,MNXM727068_c,MNXM727068
2ahhmp_c,MNXM937_c,MNXM937
2aobut_x,MNXM114087_p/glyoxysome,MNXM114087
2cpr5p_h,MNXM1455_h,MNXM1455
2dda7p_h,MNXM1219_h,MNXM1219
2dhp_c,MNXM959_c,MNXM959
2dhp_m,MNXM959_m,MNXM959
2dr5p_c,MNXM2179_c,MNXM2179
2h3kmtp_c,2h3kmtp_c,2h3kmtp_c
2h3oppan_m,MNXM475_m,MNXM475
2hg_h,2hg_h,2hg_h
2ippm_c,MNXM1706_c,MNXM1706
2kmb_c,MNXM276_c,MNXM276
2maacoa_m,MNXM524_m,MNXM524
2mb2coa_m,MNXM609_m,MNXM609
2mbcoa_m,MNXM162399_m,MNXM162399
2mbdhl_m,MNXM9096_m,MNXM9096
2me4p_h,MNXM1626_h,MNXM1626
2mecdp_h,MNXM1168_h,MNXM1168
2mhob_m,MNXM739353_m,MNXM739353
2mhop_m,MNXM739354_m,MNXM739354
2mp2coa_m,MNXM947_m,MNXM947
2mpdhl_m,MNXM740144_m,MNXM740144
2obut_h,MNXM159_h,MNXM159
2pg_c,MNXM275_c,MNXM275
2pg_f,MNXM275_f,MNXM275
2pg_m,MNXM275_m,MNXM275
2pglyc_h,MNXM2074_h,MNXM2074
2pglyc_x,MNXM2074_p/glyoxysome,MNXM2074
34hpp_c,MNXM153_c,MNXM153
34hpp_h,MNXM153_h,MNXM153
34hpp_m,MNXM153_m,MNXM153
35cgmp_c,MNXM731192_c,MNXM731192
35cgmp_n,MNXM731192_n,MNXM731192
3c2hmp_c,MNXM741109_c,MNXM741109
3c3hmp_c,MNXM164143_c,MNXM164143
3c3hmp_h,MNXM164143_h,MNXM164143
3c4mop_c,MNXM1602_c,MNXM1602
3dhq_h,MNXM478_h,MNXM478
3dhsk_h,MNXM611_h,MNXM611
3dsphgn_c,MNXM559_c,MNXM559
3hbcoa_c,MNXM1105912_c,MNXM1105912
3hbcoa_m,MNXM1105912_m,MNXM1105912
3hbcoa_x,MNXM1105912_p/glyoxysome,MNXM1105912
3hbcoa_R_c,3hbcoa_R_c,3hbcoa_R_c
3hbutACP_h,MNXM728726_h,MNXM728726
3hcvac11eACP_h,MNXM6557_h,MNXM6557
3hdcoa_m,MNXM1104681_m,MNXM1104681
3hdcoa_x,MNXM1104681_p/glyoxysome,MNXM1104681
3hddcoa_m,MNXM733_m,MNXM733
3hddcoa_x,MNXM733_p/glyoxysome,MNXM733
3hddecACP_h,MNXM27066_h,MNXM27066
3hdecACP_h,MNXM728728_h,MNXM728728
3hhcoa_m,MNXM757_m,MNXM757
3hhcoa_x,MNXM757_p/glyoxysome,MNXM757
3hhdcoa_m,MNXM1106166_m,MNXM1106166
3hhdcoa_x,MNXM1106166_p/glyoxysome,MNXM1106166
3hhexACP_h,MNXM25370_h,MNXM25370
3hib_m,MNXM1105920_m,MNXM1105920
3hibutcoa_m,MNXM90341_m,MNXM90341
3hivcoa_m,MNXM737273_m,MNXM737273
3hmbcoa_m,MNXM1104693_m,MNXM1104693
3hmoa_h,MNXM1638_h,MNXM1638
3hmop_h,MNXM114594_h,MNXM114594
3hmrsACP_h,MNXM728567_h,MNXM728567
3hocoa_m,MNXM766_m,MNXM766
3hocoa_x,MNXM766_p/glyoxysome,MNXM766
3hoctaACP_h,MNXM735180_h,MNXM735180
3hoctACP_h,MNXM725895_h,MNXM725895
3hodcoa_c,MNXM31746_c,MNXM31746
3hpalmACP_h,MNXM733096_h,MNXM733096
3hpcoa_c,MNXM1103908_c,MNXM1103908
3hpcoa_m,MNXM1103908_m,MNXM1103908
3hpp_c,MNXM872_c,MNXM872
3htdcoa_m,MNXM767_m,MNXM767
3htdcoa_x,MNXM767_p/glyoxysome,MNXM767
3ig3p_h,MNXM866_h,MNXM866
3mb2coa_m,MNXM389_m,MNXM389
3mbdhl_m,MNXM163705_m,MNXM163705
3mgcoa_m,MNXM91417_m,MNXM91417
3mhtpp_m,MNXM91966_m,MNXM91966
3mob_c,MNXM238_c,MNXM238
3mob_h,MNXM238_h,MNXM238
3mob_m,MNXM238_m,MNXM238
3mop_c,MNXM1103447_c,MNXM1103447
3mop_h,MNXM1103447_h,MNXM1103447
3mop_m,MNXM1103447_m,MNXM1103447
3mtpa_c,3mtpa_c,3mtpa_c
3ocvac11eACP_h,MNXM6840_h,MNXM6840
3odcoa_m,MNXM677_m,MNXM677
3odcoa_x,MNXM677_p/glyoxysome,MNXM677
3oddcoa_m,MNXM1104695_m,MNXM1104695
3oddcoa_x,MNXM1104695_p/glyoxysome,MNXM1104695
3oddecACP_h,MNXM728597_h,MNXM728597
3odecACP_h,MNXM728592_h,MNXM728592
3ohcoa_m,MNXM717_m,MNXM717
3ohcoa_x,MNXM717_p/glyoxysome,MNXM717
3ohdcoa_m,MNXM1104713_m,MNXM1104713
3ohdcoa_x,MNXM1104713_p/glyoxysome,MNXM1104713
3ohexACP_h,MNXM25602_h,MNXM25602
3omrsACP_h,MNXM728614_h,MNXM728614
3oocoa_m,MNXM706_m,MNXM706
3oocoa_x,MNXM706_p/glyoxysome,MNXM706
3ooctACP_h,MNXM728608_h,MNXM728608
3ooctdACP_h,MNXM3491_h,MNXM3491
3oodcoa_c,MNXM737498_c,MNXM737498
3opalmACP_h,MNXM728601_h,MNXM728601
3otdcoa_m,MNXM707_m,MNXM707
3otdcoa_x,MNXM707_p/glyoxysome,MNXM707
3pg_c,MNXM727604_c,MNXM727604
3pg_f,MNXM727604_f,MNXM727604
3pg_h,MNXM727604_h,MNXM727604
3pg_m,MNXM727604_m,MNXM727604
3php_h,MNXM541_h,MNXM541
3psme_h,MNXM1365_h,MNXM1365
3sala_h,MNXM498_h,MNXM498
3sala_m,MNXM498_m,MNXM498
3snpyr_h,MNXM2484_h,MNXM2484
3snpyr_m,MNXM2484_m,MNXM2484
3spyr_h,MNXM594_h,MNXM594
3spyr_m,MNXM594_m,MNXM594
44mctr_c,MNXM1036_c,MNXM1036
44mzym_c,MNXM146507_c,MNXM146507
4abut_c,MNXM192_c,MNXM192
4abut_h,MNXM192_h,MNXM192
4abut_m,MNXM192_m,MNXM192
4abz_c,MNXM421_c,MNXM421
4adcho_c,MNXM1458_c,MNXM1458
4c2me_h,MNXM730948_h,MNXM730948
4hproara_g,MNXM147484_g,MNXM147484
4hproaraara_g,MNXM147125_g,MNXM147125
4hproaraaraara_g,MNXM147486_g,MNXM147486
4hproaraaraaragal_g,MNXM149074_g,MNXM149074
4hproaraaragal_g,MNXM146574_g,MNXM146574
4hproaraaragalara_g,MNXM147485_g,MNXM147485
4hproaraara_ara_gal_g,MNXM149076_g,MNXM149076
4hproaraara_gal_gal_g,MNXM148283_g,MNXM148283
4hproaragal_g,MNXM149071_g,MNXM149071
4hproara_aragalara_gal_g,MNXM148284_g,MNXM148284
4hproara_aragal_gal_g,MNXM147126_g,MNXM147126
4hproara_aragal_galara_g,MNXM148285_g,MNXM148285
4hproara_ara_gal_g,MNXM147487_g,MNXM147487
4hproara_ara_galara_g,MNXM147488_g,MNXM147488
4hproara_ara_galaragal_g,MNXM149077_g,MNXM149077
4hprogal_g,MNXM149070_g,MNXM149070
4hpro_LT_c,MNXM736063_c,MNXM736063
4hpro_LT_g,MNXM736063_g,MNXM736063
4mlacac_c,MNXM739482_c,MNXM739482
4mop_c,MNXM404_c,MNXM404
4mop_h,MNXM404_h,MNXM404
4mop_m,MNXM404_m,MNXM404
4mzym_int1_c,MNXM732412_c,MNXM732412
4mzym_int2_c,MNXM8744_c,MNXM8744
4pasp_h,MNXM1177_h,MNXM1177
4pcys_c,4pcys_c,4pcys_c
4ppan_c,MNXM735771_c,MNXM735771
4ppcys_c,MNXM730898_c,MNXM730898
4r5au_h,MNXM791_h,MNXM791
5aizc_c,MNXM737373_c,MNXM737373
5aizc_h,MNXM737373_h,MNXM737373
5aop_h,MNXM405_h,MNXM405
5apru_h,MNXM1532_h,MNXM1532
5flura_c,MNXM1993_c,MNXM1993
5flura_e,MNXM1993_e,MNXM1993
5flurimp_c,MNXM6123_c,MNXM6123
5forthf_c,MNXM1108549_c,MNXM1108549
5fthf_c,MNXM1392_c,MNXM1392
5fthf_e,MNXM1392_e,MNXM1392
5fthf_m,MNXM1392_m,MNXM1392
5hiu_m,MNXM1137_m,MNXM1137
5houdic_m,MNXM1805_m,MNXM1805
5mdr1p_c,MNXM1103417_c,MNXM1103417
5mdru1p_c,MNXM522_c,MNXM522
5mta_c,MNXM150_c,MNXM150
5mta_h,MNXM150_h,MNXM150
5mta_m,MNXM150_m,MNXM150
5mthf_m,MNXM318_m,MNXM318
5mtr_c,MNXM729972_c,MNXM729972
5op_c,5op_c,5op_c
6mpur_c,MNXM87076_c,MNXM87076
6mpur_e,MNXM87076_e,MNXM87076
6pgc_c,MNXM734080_c,MNXM734080
6pgc_h,MNXM734080_h,MNXM734080
6pgl_h,MNXM1104491_h,MNXM1104491
6tgsnmp_c,MNXM5574_c,MNXM5574
6tins5mp_c,MNXM3196_c,MNXM3196
6txan5mp_c,MNXM6955_c,MNXM6955
7dhchsterol_c,MNXM730454_c,MNXM730454
8aonn_m,MNXM726864_m,MNXM726864
aacoa_c,MNXM725927_c,MNXM725927
aacoa_m,MNXM725927_m,MNXM725927
aacoa_x,MNXM725927_p/glyoxysome,MNXM725927
aact_x,MNXM1106_p/glyoxysome,MNXM1106
ac_c,MNXM26_c,MNXM26
ac_h,MNXM26_h,MNXM26
ac_m,MNXM26_m,MNXM26
acac_m,MNXM729595_m,MNXM729595
acACP_h,MNXM727677_h,MNXM727677
acald_c,MNXM75_c,MNXM75
acald_h,MNXM75_h,MNXM75
acald_m,MNXM75_m,MNXM75
acaro_h,MNXM2000_h,MNXM2000
acaro_u,MNXM2000_u,MNXM2000
accoa_c,MNXM1104266_c,MNXM1104266
accoa_h,MNXM1104266_h,MNXM1104266
accoa_m,MNXM1104266_m,MNXM1104266
accoa_s,MNXM1104266_s,MNXM1104266
accoa_x,MNXM1104266_p/glyoxysome,MNXM1104266
acg5p_c,MNXM1384_c,MNXM1384
acg5sa_c,MNXM1062_c,MNXM1062
acg5sa_m,MNXM1062_m,MNXM1062
acgam1p_c,MNXM158411_c,MNXM158411
acgam6p_c,MNXM731092_c,MNXM731092
acglu_c,MNXM730_c,MNXM730
achms_c,MNXM739518_c,MNXM739518
achms_h,MNXM739518_h,MNXM739518
acorn_c,MNXM817_c,MNXM817
acorn_m,MNXM817_m,MNXM817
ACP_c,MNXM147419_c,MNXM147419
ACP_h,MNXM147419_h,MNXM147419
ACP_m,MNXM147419_m,MNXM147419
acser_c,MNXM418_c,MNXM418
acser_h,MNXM418_h,MNXM418
acser_m,MNXM418_m,MNXM418
actACP_h,MNXM1223_h,MNXM1223
ade_c,MNXM168_c,MNXM168
adhlam_m,MNXM730606_m,MNXM730606
adn_c,MNXM212_c,MNXM212
adn_m,MNXM212_m,MNXM212
adp_c,MNXM40333_c,MNXM40333
adp_f,MNXM40333_f,MNXM40333
adp_h,MNXM40333_h,MNXM40333
adp_m,MNXM40333_m,MNXM40333
adp_n,MNXM40333_n,MNXM40333
adprib_c,MNXM507503_c,MNXM507503
agm_m,MNXM328_m,MNXM328
agm_n,MNXM328_n,MNXM328
ahcys_c,MNXM19_c,MNXM19
ahcys_h,MNXM19_h,MNXM19
ahcys_m,MNXM19_m,MNXM19
ahcys_n,MNXM19_n,MNXM19
ahdt_c,MNXM397_c,MNXM397
aicar_c,MNXM1103365_c,MNXM1103365
aicar_h,MNXM1103365_h,MNXM1103365
air_c,MNXM162266_c,MNXM162266
air_h,MNXM162266_h,MNXM162266
akg_c,MNXM20_c,MNXM20
akg_h,MNXM20_h,MNXM20
akg_m,MNXM20_m,MNXM20
ala_B_c,MNXM144_c,MNXM144
ala_B_m,MNXM144_m,MNXM144
alac_S_h,alac_S_h,alac_S_h
alac_S_m,alac_S_m,alac_S_m
ala_L_c,ala_L_c,ala_L_c
ala_L_m,ala_L_m,ala_L_m
ala_L_x,ala_L_x,ala_L_x
alatrna_c,MNXM741209_c,MNXM741209
alatrna_m,MNXM741209_m,MNXM741209
alpro_m,MNXM740461_m,MNXM740461
amet_c,MNXM16_c,MNXM16
amet_h,MNXM16_h,MNXM16
amet_m,MNXM16_m,MNXM16
amet_n,MNXM16_n,MNXM16
ametam_c,MNXM1103325_c,MNXM1103325
ametam_h,MNXM1103325_h,MNXM1103325
ametam_m,MNXM1103325_m,MNXM1103325
amob_m,MNXM733831_m,MNXM733831
amp_c,MNXM723601_c,MNXM723601
amp_h,MNXM723601_h,MNXM723601
amp_m,MNXM723601_m,MNXM723601
amp_n,MNXM723601_n,MNXM723601
ampmp_c,ampmp_c,ampmp_c
ampmpp_c,ampmpp_c,ampmpp_c
ans_c,MNXM2639_c,MNXM2639
anth_h,MNXM188_h,MNXM188
anxan_u,MNXM586_u,MNXM586
ap4a_n,MNXM1089_n,MNXM1089
apoACP_c,MNXM2214_c,MNXM2214
apoACP_h,MNXM2214_h,MNXM2214
apoACP_m,MNXM2214_m,MNXM2214
apocytc_h,MNXM2100_h,MNXM2100
apocytc_m,MNXM2100_m,MNXM2100
apppa_n,MNXM3683_n,MNXM3683
aps_c,MNXM1103086_c,MNXM1103086
aps_h,MNXM1103086_h,MNXM1103086
aps_m,MNXM1103086_m,MNXM1103086
aps_n,MNXM1103086_n,MNXM1103086
arg_L_c,arg_L_c,arg_L_c
arg_L_m,arg_L_m,arg_L_m
argsuc_c,MNXM550_c,MNXM550
argtrna_c,MNXM741229_c,MNXM741229
aro_L_c,aro_L_c,aro_L_c
aro_L_h,aro_L_h,aro_L_h
arso4_c,MNXM148086_c,MNXM148086
ascb_L_m,ascb_L_m,ascb_L_m
ascb_L_u,ascb_L_u,ascb_L_u
asnglcnacglcnacman_man_manman_manman_manmanman_c,MNXM147045_c,MNXM147045
asnglcnacglcnacman_man_manman_manman_manmanmanglc_c,MNXM147046_c,MNXM147046
asnglcnacglcnacman_man_manman_manman_manmanmanglcglc_c,MNXM147047_c,MNXM147047
asnglcnacglcnacman_man_manman_manman_manmanmanglcglcglc_c,MNXM147438_c,MNXM147438
asnglcnacglcnacman_man_manman_man_manmanman_c,MNXM148087_c,MNXM148087
asnglcnacglcnacman_man_man_man_man_c,MNXM148088_c,MNXM148088
asn_L_c,asn_L_c,asn_L_c
asn_L_m,asn_L_m,asn_L_m
asn_L_x,asn_L_x,asn_L_x
asntrna_c,MNXM741176_c,MNXM741176
asntrna_m,MNXM741176_m,MNXM741176
Asn_X_Ser_FSLASH_Thr_c,Asn_X_Ser_FSLASH_Thr_c,Asn_X_Ser_FSLASH_Thr_c
asp_L_c,asp_L_c,asp_L_c
asp_L_h,asp_L_h,asp_L_h
asp_L_m,asp_L_m,asp_L_m
asp_L_x,asp_L_x,asp_L_x
aspsa_c,MNXM361_c,MNXM361
aspsa_h,MNXM361_h,MNXM361
asptrna_c,MNXM164570_c,MNXM164570
asptrna_m,MNXM164570_m,MNXM164570
asqdca1819Z160_c,MNXM146488_c,MNXM146488
asqdca1829Z12Z160_c,MNXM146489_c,MNXM146489
asqdca1839Z12Z15Z160_c,MNXM146874_c,MNXM146874
asqdpa1819Z160_c,MNXM146490_c,MNXM146490
asqdpa1829Z12Z160_c,MNXM146491_c,MNXM146491
asqdpa1839Z12Z15Z160_c,MNXM146876_c,MNXM146876
atp_c,MNXM3_c,MNXM3
atp_f,MNXM3_f,MNXM3
atp_h,MNXM3_h,MNXM3
atp_m,MNXM3_m,MNXM3
atp_n,MNXM3_n,MNXM3
avite1_h,MNXM88981_h,MNXM88981
b2coa_c,MNXM214_c,MNXM214
b2coa_m,MNXM214_m,MNXM214
b2coa_x,MNXM214_p/glyoxysome,MNXM214
bamppald_h,MNXM736084_h,MNXM736084
B_ara1p_c,MNXM1105775_c,MNXM1105775
bathorhodopsin_s,MNXM735302_s,MNXM735302
bcrptxan_u,bcrptxan_u,bcrptxan_u
bilirub_h,MNXM737082_h,MNXM737082
biliverd_h,MNXM416_h,MNXM416
btal_c,MNXM1017_c,MNXM1017
btal_h,MNXM1017_h,MNXM1017
btcoa_c,MNXM233_c,MNXM233
btcoa_h,MNXM233_h,MNXM233
btcoa_m,MNXM233_m,MNXM233
btcoa_x,MNXM233_p/glyoxysome,MNXM233
btn_m,MNXM304_m,MNXM304
btnCCP_h,MNXM96075_h,MNXM96075
btnCCP_m,MNXM96075_m,MNXM96075
but2eACP_h,MNXM728706_h,MNXM728706
butACP_h,MNXM728732_h,MNXM728732
bvite_h,MNXM4488_h,MNXM4488
ca_c,MNXM145806_c,MNXM145806
cacoa_c,MNXM145706_c,MNXM145706
callose_c,callose_c,callose_c
callose_f,callose_f,callose_f
camp_c,MNXM243_c,MNXM243
camp_n,MNXM243_n,MNXM243
carn_c,MNXM114412_c,MNXM114412
caro_u,MNXM736699_u,MNXM736699
cbasp_c,MNXM465_c,MNXM465
cbasp_m,MNXM465_m,MNXM465
cbmp_m,cbmp_m,cbmp_m
cbmp_n,cbmp_n,cbmp_n
cbp_c,MNXM138_c,MNXM138
cbp_h,MNXM138_h,MNXM138
cbp_m,MNXM138_m,MNXM138
cbtnCCP_h,MNXM738261_h,MNXM738261
cbtnCCP_m,MNXM738261_m,MNXM738261
cdp_c,MNXM1102191_c,MNXM1102191
cdp_h,MNXM1102191_h,MNXM1102191
cdp12dgr18111Z160_c,MNXM146537_c,MNXM146537
cdp12dgr18111Z160_h,MNXM146537_h,MNXM146537
cdp12dgr1819Z160_c,MNXM146536_c,MNXM146536
cdp12dgr1819Z160_h,MNXM146536_h,MNXM146536
cdpea_c,MNXM449_c,MNXM449
cer_c,cer_c,cer_c
chla_u,chla_u,chla_u
chlb_u,MNXM1108242_u,MNXM1108242
chlda_h,chlda_h,chlda_h
chlda_u,chlda_u,chlda_u
chldb_u,MNXM1108546_u,MNXM1108546
chor_h,MNXM337_h,MNXM337
cit_c,MNXM1107752_c,MNXM1107752
cit_m,MNXM1107752_m,MNXM1107752
cital_c,MNXM146538_c,MNXM146538
citalald_c,MNXM3565_c,MNXM3565
citr_L_c,citr_L_c,citr_L_c
citr_L_h,citr_L_h,citr_L_h
citr_L_m,citr_L_m,citr_L_m
cmp_c,MNXM31_c,MNXM31
cmp_h,MNXM31_h,MNXM31
cmtep_c,cmtep_c,cmtep_c
co_c,MNXM726637_c,MNXM726637
co_h,MNXM726637_h,MNXM726637
co2_c,MNXM13_c,MNXM13
co2_h,MNXM13_h,MNXM13
co2_m,MNXM13_m,MNXM13
coa_c,MNXM727276_c,MNXM727276
coa_h,MNXM727276_h,MNXM727276
coa_m,MNXM727276_m,MNXM727276
coa_s,MNXM727276_s,MNXM727276
coa_x,MNXM727276_p/glyoxysome,MNXM727276
cpppg1_h,MNXM1322_h,MNXM1322
cpppg3_h,MNXM735625_h,MNXM735625
crpxan_u,MNXM735277_u,MNXM735277
csn_c,MNXM761_c,MNXM761
ctp_c,MNXM1103718_c,MNXM1103718
ctp_h,MNXM1103718_h,MNXM1103718
cyart_c,MNXM1107765_c,MNXM1107765
cyeuol_c,MNXM3001_c,MNXM3001
cys_gly_c,cys_gly_c,cys_gly_c
cys_L_c,cys_L_c,cys_L_c
cys_L_h,cys_L_h,cys_L_h
cys_L_m,cys_L_m,cys_L_m
cyst_L_h,cyst_L_h,cyst_L_h
cystrna_c,MNXM729657_c,MNXM729657
cytc_h,MNXM731981_h,MNXM731981
cytc_m,MNXM731981_m,MNXM731981
cytd_c,MNXM1104207_c,MNXM1104207
cytP450o_c,MNXM66023_c,MNXM66023
cytP450o_h,MNXM66023_h,MNXM66023
cytP450r_c,MNXM12867_c,MNXM12867
cytP450r_h,MNXM12867_h,MNXM12867
dad_2_c,MNXM625_c,MNXM625
dad_5_c,MNXM316_c,MNXM316
dad_5_h,MNXM316_h,MNXM316
dad_5_m,MNXM316_m,MNXM316
dadp_c,MNXM1097067_c,MNXM1097067
dadp_h,MNXM1097067_h,MNXM1097067
dadp_m,MNXM1097067_m,MNXM1097067
damp_c,MNXM1097068_c,MNXM1097068
damp_h,MNXM1097068_h,MNXM1097068
damp_m,MNXM1097068_m,MNXM1097068
dann_m,MNXM1140_m,MNXM1140
datp_c,MNXM286_c,MNXM286
datp_m,MNXM286_m,MNXM286
db4p_h,MNXM1102295_h,MNXM1102295
dc2coa_m,MNXM580_m,MNXM580
dc2coa_x,MNXM580_p/glyoxysome,MNXM580
dcaACP_h,MNXM97432_h,MNXM97432
dcacoa_m,MNXM1092836_m,MNXM1092836
dcacoa_x,MNXM1092836_p/glyoxysome,MNXM1092836
dcamp_c,MNXM1103622_c,MNXM1103622
dcamp_h,MNXM1103622_h,MNXM1103622
dcaro_h,MNXM737155_h,MNXM737155
dcdp_c,MNXM411_c,MNXM411
dcdp_m,MNXM411_m,MNXM411
dcmp_c,MNXM266_c,MNXM266
dcphytfl_h,dcphytfl_h,dcphytfl_h
dctp_c,MNXM360_c,MNXM360
dctp_m,MNXM360_m,MNXM360
dcyt_c,MNXM704_c,MNXM704
dczcar_h,dczcar_h,dczcar_h
dd2coa_m,MNXM739105_m,MNXM739105
dd2coa_x,MNXM739105_p/glyoxysome,MNXM739105
ddcaACP_h,MNXM726234_h,MNXM726234
ddcacoa_m,MNXM1104435_m,MNXM1104435
ddcacoa_x,MNXM1104435_p/glyoxysome,MNXM1104435
ddmcital_c,MNXM7300_c,MNXM7300
dgdg1819Z160_h,MNXM146272_h,MNXM146272
dgdg1819Z1617Z_h,MNXM146271_h,MNXM146271
dgdg1819Z1619Z_h,MNXM146384_h,MNXM146384
dgdg1819Z1627Z10Z_h,MNXM146145_h,MNXM146145
dgdg1819Z1634Z7Z10Z_h,MNXM146556_h,MNXM146556
dgdg1819Z1637Z10Z13Z_h,MNXM146383_h,MNXM146383
dgdg1829Z12Z160_h,MNXM146276_h,MNXM146276
dgdg1829Z12Z1617Z_h,MNXM146274_h,MNXM146274
dgdg1829Z12Z1627Z10Z_h,MNXM145899_h,MNXM145899
dgdg1829Z12Z1634Z7Z10Z_h,MNXM146273_h,MNXM146273
dgdg1829Z12Z1637Z10Z13Z_h,MNXM146275_h,MNXM146275
dgdg1839Z12Z15Z160_h,MNXM146558_h,MNXM146558
dgdg1839Z12Z15Z1627Z10Z_h,MNXM146278_h,MNXM146278
dgdg1839Z12Z15Z1634Z7Z10Z_h,MNXM146277_h,MNXM146277
dgdg1839Z12Z15Z1637Z10Z13Z_h,MNXM146279_h,MNXM146279
dgdg1839Z12Z15Z1644Z7Z10Z13Z_h,MNXM146385_h,MNXM146385
dgdp_c,MNXM1097066_c,MNXM1097066
dgdp_m,MNXM1097066_m,MNXM1097066
dgmp_c,MNXM546_c,MNXM546
dgsn_c,MNXM647_c,MNXM647
dgtp_c,MNXM344_c,MNXM344
dgtp_m,MNXM344_m,MNXM344
dgts1601819Z_c,MNXM146545_c,MNXM146545
dgts1601829Z12Z_c,MNXM146546_c,MNXM146546
dgts1601835Z9Z12Z_c,MNXM146547_c,MNXM146547
dgts1601845Z9Z12Z15Z_c,MNXM147081_c,MNXM147081
dgts18111Z1819Z_c,MNXM146548_c,MNXM146548
dgts18111Z1829Z12Z_c,MNXM146549_c,MNXM146549
dgts18111Z1835Z9Z12Z_c,MNXM146550_c,MNXM146550
dgts18111Z1845Z9Z12Z15Z_c,MNXM147083_c,MNXM147083
dgts1819Z18111Z_c,MNXM146551_c,MNXM146551
dgts1819Z1819Z_c,MNXM146377_c,MNXM146377
dgts1819Z1829Z12Z_c,MNXM146378_c,MNXM146378
dgts1819Z1835Z9Z12Z_c,MNXM146379_c,MNXM146379
dgts1819Z1845Z9Z12Z15Z_c,MNXM146552_c,MNXM146552
dgts1829Z12Z18111Z_c,MNXM146553_c,MNXM146553
dgts1829Z12Z1819Z_c,MNXM146380_c,MNXM146380
dgts1829Z12Z1829Z12Z_c,MNXM146381_c,MNXM146381
dgts1829Z12Z1835Z9Z12Z_c,MNXM146270_c,MNXM146270
dgts1829Z12Z1845Z9Z12Z15Z_c,MNXM146382_c,MNXM146382
dgts1839Z12Z15Z18111Z_c,MNXM147084_c,MNXM147084
dgts1839Z12Z15Z1819Z_c,MNXM147085_c,MNXM147085
dgts1839Z12Z15Z1835Z9Z12Z_c,MNXM146554_c,MNXM146554
dgts1839Z12Z15Z1845Z9Z12Z15Z_c,MNXM146555_c,MNXM146555
dha_c,MNXM460_c,MNXM460
dhap_c,MNXM77_c,MNXM77
dhap_f,MNXM77_f,MNXM77
dhap_h,MNXM77_h,MNXM77
dhap_m,MNXM77_m,MNXM77
dhcer_c,dhcer_c,dhcer_c
dhdascb_m,MNXM1108062_m,MNXM1108062
dhdascb_u,MNXM1108062_u,MNXM1108062
dhf_c,MNXM281_c,MNXM281
dhlam_m,MNXM1277_m,MNXM1277
dhlpro_m,MNXM731218_m,MNXM731218
dhnpt_c,MNXM730301_c,MNXM730301
dhor_S_m,dhor_S_m,dhor_S_m
dhpmp_c,MNXM1107941_c,MNXM1107941
dhpt_c,MNXM965_c,MNXM965
dhretinol_s,MNXM4441_s,MNXM4441
din_c,MNXM935_c,MNXM935
dkmpp_c,MNXM735604_c,MNXM735604
dma_c,MNXM796_c,MNXM796
dmcital_c,MNXM5122_c,MNXM5122
dmlz_h,MNXM1107755_h,MNXM1107755
dmpp_c,MNXM132_c,MNXM132
dmpp_h,MNXM132_h,MNXM132
dna5mtc_n,MNXM729222_n,MNXM729222
dnac_n,MNXM726895_n,MNXM726895
dnad_c,MNXM1103300_c,MNXM1103300
dnad_h,MNXM1103300_h,MNXM1103300
doldp_c,MNXM2370_c,MNXM2370
doldpglcnac_c,MNXM148443_c,MNXM148443
doldpglcnacglcnac_c,MNXM148444_c,MNXM148444
doldpglcnacglcnacman_c,MNXM148445_c,MNXM148445
doldpglcnacglcnacman_man_manman_manman_manmanman_c,MNXM148449_c,MNXM148449
doldpglcnacglcnacman_man_manman_manman_manmanmanglc_c,MNXM148450_c,MNXM148450
doldpglcnacglcnacman_man_manman_manman_manmanmanglcglc_c,MNXM148451_c,MNXM148451
doldpglcnacglcnacman_man_manman_manman_manmanmanglcglcglc_c,MNXM148452_c,MNXM148452
doldpglcnacglcnacman_man_man_c,MNXM148454_c,MNXM148454
doldpglcnacglcnacman_man_manman_c,MNXM148455_c,MNXM148455
doldpglcnacglcnacman_man_manmanman_c,MNXM148456_c,MNXM148456
doldpglcnacglcnacmanman_c,MNXM148446_c,MNXM148446
dolmanp_c,MNXM733603_c,MNXM733603
dolp_c,MNXM1107957_c,MNXM1107957
dolpglc_c,MNXM728542_c,MNXM728542
dpcoa_c,MNXM1104543_c,MNXM1104543
drib_c,MNXM90412_c,MNXM90412
dscl_h,MNXM739345_h,MNXM739345
dtbt_m,MNXM1020_m,MNXM1020
dtdp_c,MNXM152_c,MNXM152
dtdp_m,MNXM152_m,MNXM152
dtmp_c,MNXM257_c,MNXM257
dttp_c,MNXM88255_c,MNXM88255
dttp_m,MNXM88255_m,MNXM88255
dudp_c,MNXM572_c,MNXM572
dump_c,MNXM234_c,MNXM234
duri_c,MNXM1097093_c,MNXM1097093
dutp_c,MNXM452_c,MNXM452
dvchlda_h,MNXM726240_h,MNXM726240
dvite_h,dvite_h,dvite_h
dvpchlda_h,MNXM147096_h,MNXM147096
dxyl5p_h,MNXM622_h,MNXM622
e4hg_c,e4hg_c,e4hg_c
e4p_h,MNXM258_h,MNXM258
egmeACP_m,MNXM11489_m,MNXM11489
eig3p_c,MNXM1422_c,MNXM1422
eig3p_h,MNXM1422_h,MNXM1422
epm_h,MNXM728397_h,MNXM728397
epmeACP_m,MNXM727023_m,MNXM727023
etfox_m,MNXM11479_m,MNXM11479
etfrd_m,MNXM11480_m,MNXM11480
etha_c,MNXM218_c,MNXM218
ethamp_c,MNXM187_c,MNXM187
etoh_c,MNXM1108092_c,MNXM1108092
etoh_h,MNXM1108092_h,MNXM1108092
etoh_m,MNXM1108092_m,MNXM1108092
f1p_h,MNXM1104787_h,MNXM1104787
f26bp_c,MNXM739220_c,MNXM739220
f6p_B_c,MNXM89621_c,MNXM89621
f6p_B_h,MNXM89621_h,MNXM89621
fad_c,MNXM1105936_c,MNXM1105936
fad_m,MNXM1105936_m,MNXM1105936
fad_x,MNXM1105936_p/glyoxysome,MNXM1105936
fadh2_c,MNXM38_c,MNXM38
fadh2_m,MNXM38_m,MNXM38
fadh2_x,MNXM38_p/glyoxysome,MNXM38
fald_c,MNXM736417_c,MNXM736417
fdp_B_f,MNXM1106096_f,MNXM1106096
fdp_B_h,MNXM1106096_h,MNXM1106096
fdp_B_m,MNXM1106096_m,MNXM1106096
fdxox_c,MNXM178_c,MNXM178
fdxox_h,MNXM178_h,MNXM178
fdxox_m,MNXM178_m,MNXM178
fdxox_u,MNXM178_u,MNXM178
fdxrd_c,MNXM169_c,MNXM169
fdxrd_h,MNXM169_h,MNXM169
fdxrd_m,MNXM169_m,MNXM169
fdxrd_u,MNXM169_u,MNXM169
fe2_c,MNXM111_c,MNXM111
fe2_e,MNXM111_e,MNXM111
fe2_h,MNXM111_h,MNXM111
fgam_c,MNXM736359_c,MNXM736359
fgam_h,MNXM736359_h,MNXM736359
ficytb5_c,MNXM726595_c,MNXM726595
ficytc_m,MNXM731953_m,MNXM731953
ficytc_x,MNXM731953_p/glyoxysome,MNXM731953
fmettrna_c,MNXM741603_c,MNXM741603
fmn_c,MNXM119_c,MNXM119
focytb5_c,MNXM1084_c,MNXM1084
focytc_m,MNXM5750_m,MNXM5750
focytc_x,MNXM5750_p/glyoxysome,MNXM5750
fol_c,MNXM617_c,MNXM617
for_c,MNXM39_c,MNXM39
for_h,MNXM39_h,MNXM39
fpram_c,MNXM1094916_c,MNXM1094916
fpram_h,MNXM1094916_h,MNXM1094916
fprica_c,MNXM1104518_c,MNXM1104518
frdp_c,MNXM1103344_c,MNXM1103344
frdp_h,MNXM1103344_h,MNXM1103344
frdp_m,MNXM1103344_m,MNXM1103344
fru_B_c,MNXM496892_c,MNXM496892
fru_B_h,MNXM496892_h,MNXM496892
fum_c,MNXM737339_c,MNXM737339
fum_m,MNXM737339_m,MNXM737339
g1p_c,MNXM722711_c,MNXM722711
g1p_h,MNXM722711_h,MNXM722711
g3p_c,MNXM739945_c,MNXM739945
g3p_f,MNXM739945_f,MNXM739945
g3p_h,MNXM739945_h,MNXM739945
g3p_m,MNXM739945_m,MNXM739945
g3pe_c,MNXM55315_c,MNXM55315
g6p_A_c,MNXM1105855_c,MNXM1105855
g6p_A_h,MNXM1105855_h,MNXM1105855
g6p_A_n,MNXM1105855_n,MNXM1105855
g6p_B_c,MNXM508_c,MNXM508
g6p_B_h,MNXM508_h,MNXM508
gal_c,MNXM735266_c,MNXM735266
gal_h,MNXM735266_h,MNXM735266
gal1p_c,MNXM1106067_c,MNXM1106067
galtl_m,galtl_m,galtl_m
gam6p_c,MNXM730220_c,MNXM730220
gar_c,MNXM463_c,MNXM463
gar_h,MNXM463_h,MNXM463
gcaro_h,gcaro_h,gcaro_h
gcaro_u,gcaro_u,gcaro_u
gdp_c,MNXM30_c,MNXM30
gdp_h,MNXM30_h,MNXM30
gdp_m,MNXM30_m,MNXM30
gdpgal_c,MNXM1093017_c,MNXM1093017
gdpgul_c,gdpgul_c,gdpgul_c
gdpmann_c,MNXM731351_c,MNXM731351
gdptp_c,MNXM1561_c,MNXM1561
ggchlda_u,MNXM525859_u,MNXM525859
ggchldb_u,MNXM148258_u,MNXM148258
ggdp_h,MNXM1102545_h,MNXM1102545
ggdp_u,MNXM1102545_u,MNXM1102545
ggl_h,MNXM1105770_h,MNXM1105770
glc_A_c,glc_A_c,glc_A_c
glc_A_h,glc_A_h,glc_A_h
glc_B_c,glc_B_c,glc_B_c
glc_B_h,glc_B_h,glc_B_h
glcur_c,MNXM1102443_c,MNXM1102443
glcur1p_c,MNXM1165_c,MNXM1165
gln_L_c,gln_L_c,gln_L_c
gln_L_h,gln_L_h,gln_L_h
gln_L_m,gln_L_m,gln_L_m
glntrna_c,MNXM741207_c,MNXM741207
glu1sa_h,MNXM1453_h,MNXM1453
glu5p_c,MNXM1280_c,MNXM1280
glu5p_m,MNXM1280_m,MNXM1280
glu5p_x,MNXM1280_p/glyoxysome,MNXM1280
glu5sa_c,MNXM245_c,MNXM245
glu5sa_m,MNXM245_m,MNXM245
glu5sa_x,MNXM245_p/glyoxysome,MNXM245
glucys_h,MNXM735669_h,MNXM735669
glu_L_c,glu_L_c,glu_L_c
glu_L_h,glu_L_h,glu_L_h
glu_L_m,glu_L_m,glu_L_m
glutrna_c,MNXM731032_c,MNXM731032
glutrna_h,MNXM731032_h,MNXM731032
glx_c,MNXM69_c,MNXM69
glx_h,MNXM69_h,MNXM69
glx_m,MNXM69_m,MNXM69
glx_x,MNXM69_p/glyoxysome,MNXM69
gly_c,MNXM29_c,MNXM29
gly_h,MNXM29_h,MNXM29
gly_m,MNXM29_m,MNXM29
gly_x,MNXM29_p/glyoxysome,MNXM29
glyald_c,MNXM435_c,MNXM435
glyald_h,MNXM435_h,MNXM435
glyc_c,MNXM89612_c,MNXM89612
glyc_h,MNXM89612_h,MNXM89612
glyc3p_c,MNXM66_c,MNXM66
glyc3p_h,MNXM66_h,MNXM66
glyclt_c,MNXM222_c,MNXM222
glyclt_h,MNXM222_h,MNXM222
glyclt_x,MNXM222_p/glyoxysome,MNXM222
glyc_R_c,glyc_R_c,glyc_R_c
glyc_R_h,glyc_R_h,glyc_R_h
glyc_R_m,glyc_R_m,glyc_R_m
glytrna_c,MNXM89763_c,MNXM89763
glytrna_m,MNXM89763_m,MNXM89763
gmeACP_m,MNXM727160_m,MNXM727160
gmp_c,MNXM1101285_c,MNXM1101285
gmp_m,MNXM1101285_m,MNXM1101285
grdp_c,MNXM722811_c,MNXM722811
grdp_h,MNXM722811_h,MNXM722811
gsn_c,MNXM1103400_c,MNXM1103400
gthox_c,MNXM151_c,MNXM151
gthox_h,MNXM151_h,MNXM151
gthox_m,MNXM151_m,MNXM151
gthox_u,MNXM151_u,MNXM151
gthrd_c,MNXM490899_c,MNXM490899
gthrd_h,MNXM490899_h,MNXM490899
gthrd_m,MNXM490899_m,MNXM490899
gthrd_u,MNXM490899_u,MNXM490899
gtp_c,MNXM51_c,MNXM51
gtp_h,MNXM51_h,MNXM51
gtp_m,MNXM51_m,MNXM51
gtp_n,MNXM51_n,MNXM51
gua_c,MNXM733114_c,MNXM733114
h_c,MNXM1_c,MNXM1
h_e,MNXM1_e,MNXM1
h_f,MNXM1_f,MNXM1
h_h,MNXM1_h,MNXM1
h_m,MNXM1_m,MNXM1
h_n,MNXM1_n,MNXM1
h_s,MNXM1_s,MNXM1
h_u,MNXM1_u,MNXM1
h_x,MNXM1_p/glyoxysome,MNXM1
h2mb4p_h,MNXM606_h,MNXM606
h2o_c,MNXM03_c,MNXM03
h2o_e,MNXM03_e,MNXM03
h2o_f,MNXM03_f,MNXM03
h2o_h,MNXM03_h,MNXM03
h2o_m,MNXM03_m,MNXM03
h2o_n,MNXM03_n,MNXM03
h2o_s,MNXM03_s,MNXM03
h2o_u,MNXM03_u,MNXM03
h2o_x,MNXM03_p/glyoxysome,MNXM03
h2o2_c,MNXM732621_c,MNXM732621
h2o2_h,MNXM732621_h,MNXM732621
h2o2_m,MNXM732621_m,MNXM732621
h2o2_x,MNXM732621_p/glyoxysome,MNXM732621
h2s_h,MNXM730577_h,MNXM730577
hcarn_c,MNXM56612_c,MNXM56612
hco3_c,MNXM60_c,MNXM60
hco3_h,MNXM60_h,MNXM60
hco3_m,MNXM60_m,MNXM60
hcys_L_c,hcys_L_c,hcys_L_c
hcys_L_h,hcys_L_h,hcys_L_h
hcys_L_m,hcys_L_m,hcys_L_m
hdca_c,MNXM108_c,MNXM108
hdca_h,MNXM108_h,MNXM108
hdcea_h,MNXM1107900_h,MNXM1107900
hdd2coa_m,MNXM1108357_m,MNXM1108357
hdd2coa_x,MNXM1108357_p/glyoxysome,MNXM1108357
hdeACP_h,MNXM162372_h,MNXM162372
hemeA_m,MNXM737853_m,MNXM737853
hemeO_m,MNXM1107744_m,MNXM1107744
hexACP_h,MNXM90722_h,MNXM90722
hgentis_c,MNXM345_c,MNXM345
hgentis_h,MNXM345_h,MNXM345
hgmeACP_m,MNXM741742_m,MNXM741742
his_L_c,his_L_c,his_L_c
his_L_e,his_L_e,his_L_e
his_L_h,his_L_h,his_L_h
hisp_c,MNXM1482_c,MNXM1482
hisp_h,MNXM1482_h,MNXM1482
hista_c,MNXM635_c,MNXM635
histd_c,MNXM1281_c,MNXM1281
histd_h,MNXM1281_h,MNXM1281
histrna_c,MNXM741219_c,MNXM741219
hmbil_h,MNXM547_h,MNXM547
hmgcoa_c,MNXM1104235_c,MNXM1104235
hmgcoa_m,MNXM1104235_m,MNXM1104235
hom_L_h,hom_L_h,hom_L_h
hpglu_m,MNXM1103841_m,MNXM1103841
hpmeACP_m,MNXM725916_m,MNXM725916
hpyr_c,MNXM392_c,MNXM392
hso3_c,hso3_c,hso3_c
hso3_h,hso3_h,hso3_h
hso3_m,hso3_m,hso3_m
hx2coa_m,MNXM1104717_m,MNXM1104717
hx2coa_x,MNXM1104717_p/glyoxysome,MNXM1104717
hxan_c,MNXM732487_c,MNXM732487
hxcoa_m,MNXM162502_m,MNXM162502
hxcoa_x,MNXM162502_p/glyoxysome,MNXM162502
hxdcal_c,MNXM528_c,MNXM528
hxdceal_c,MNXM149061_c,MNXM149061
iasp_m,MNXM599_m,MNXM599
ibcoa_m,MNXM470_m,MNXM470
icit_c,MNXM89661_c,MNXM89661
icit_m,MNXM89661_m,MNXM89661
idp_c,MNXM1104559_c,MNXM1104559
ile_L_c,ile_L_c,ile_L_c
ile_L_h,ile_L_h,ile_L_h
ile_L_m,ile_L_m,ile_L_m
iletrna_c,MNXM741223_c,MNXM741223
iletrna_m,MNXM741223_m,MNXM741223
imacp_c,MNXM1456_c,MNXM1456
imacp_h,MNXM1456_h,MNXM1456
imp_c,MNXM125_c,MNXM125
imp_h,MNXM125_h,MNXM125
imp_m,MNXM125_m,MNXM125
inost_c,MNXM727693_c,MNXM727693
inost_h,MNXM727693_h,MNXM727693
ins_c,MNXM1103335_c,MNXM1103335
ipdp_c,MNXM83_c,MNXM83
ipdp_h,MNXM83_h,MNXM83
itp_c,MNXM423_c,MNXM423
ivcoa_m,MNXM1104535_m,MNXM1104535
lac_D_m,lac_D_m,lac_D_m
lac_L_m,lac_L_m,lac_L_m
lac_L_x,lac_L_x,lac_L_x
lald_D_c,lald_D_c,lald_D_c
lanost_c,MNXM482_c,MNXM482
lcts_h,MNXM90080_h,MNXM90080
Lcyst_h,MNXM713_h,MNXM713
Lcyst_m,MNXM713_m,MNXM713
Lcystin_h,MNXM90409_h,MNXM90409
leu_L_c,leu_L_c,leu_L_c
leu_L_h,leu_L_h,leu_L_h
leu_L_m,leu_L_m,leu_L_m
leutrna_c,MNXM697_c,MNXM697
Lfmkynr_c,MNXM727852_c,MNXM727852
lgt_S_c,lgt_S_c,lgt_S_c
lgt_S_m,lgt_S_m,lgt_S_m
Lkynr_c,MNXM527692_c,MNXM527692
lnlc_c,MNXM4069_c,MNXM4069
lnlccoa_c,MNXM527964_c,MNXM527964
lnlnca_c,MNXM737569_c,MNXM737569
lnlncacoa_c,MNXM994_c,MNXM994
lnlncg_c,MNXM162504_c,MNXM162504
lnlncgcoa_c,MNXM1104071_c,MNXM1104071
lpam_m,MNXM1024_m,MNXM1024
lpro_m,MNXM741257_m,MNXM741257
lthstrl_c,MNXM810_c,MNXM810
lumirhodopsin_s,MNXM735298_s,MNXM735298
lut_u,MNXM4660_u,MNXM4660
lyc_h,lyc_h,lyc_h
lys_L_c,lys_L_c,lys_L_c
lys_L_m,lys_L_m,lys_L_m
lystrna_c,MNXM741246_c,MNXM741246
lystrna_m,MNXM741246_m,MNXM741246
mag160_c,MNXM147358_c,MNXM147358
mag180_c,MNXM147679_c,MNXM147679
mag18111Z_c,MNXM147359_c,MNXM147359
mag1819Z_c,MNXM147360_c,MNXM147360
malACP_h,MNXM731940_h,MNXM731940
malACP_m,MNXM731940_m,MNXM731940
malcoa_c,MNXM1106093_c,MNXM1106093
malcoa_h,MNXM1106093_h,MNXM1106093
malcoa_m,MNXM1106093_m,MNXM1106093
malcoame_m,MNXM728996_m,MNXM728996
mal_L_c,mal_L_c,mal_L_c
mal_L_h,mal_L_h,mal_L_h
mal_L_m,mal_L_m,mal_L_m
mal_L_x,mal_L_x,mal_L_x
man_c,MNXM182_c,MNXM182
man_h,MNXM182_h,MNXM182
man1p_c,MNXM721_c,MNXM721
man6p_c,MNXM1105857_c,MNXM1105857
man6p_h,MNXM1105857_h,MNXM1105857
mdhascb_m,mdhascb_m,mdhascb_m
melib_h,MNXM1434_h,MNXM1434
melt_h,MNXM738846_h,MNXM738846
menecyart_c,MNXM4975_c,MNXM4975
mercppyr_h,MNXM1214_h,MNXM1214
mercppyr_m,MNXM1214_m,MNXM1214
mergtrol_c,MNXM2619_c,MNXM2619
metarhodopsin_s,MNXM735307_s,MNXM735307
methf_c,MNXM511_c,MNXM511
methf_h,MNXM511_h,MNXM511
methf_m,MNXM511_m,MNXM511
methf_x,MNXM511_p/glyoxysome,MNXM511
met_L_c,met_L_c,met_L_c
met_L_h,met_L_h,met_L_h
met_L_m,met_L_m,met_L_m
mettrna_c,MNXM741322_c,MNXM741322
mfecostrl_c,MNXM5006_c,MNXM5006
mgdg1819Z160_h,MNXM146593_h,MNXM146593
mgdg1819Z1617Z_h,MNXM147156_h,MNXM147156
mgdg1819Z1619Z_h,MNXM147159_h,MNXM147159
mgdg1819Z1627Z10Z_h,MNXM147157_h,MNXM147157
mgdg1819Z1637Z10Z13Z_h,MNXM147158_h,MNXM147158
mgdg1819Z1644Z7Z10Z13Z_h,MNXM148359_h,MNXM148359
mgdg1829Z12Z160_h,MNXM146293_h,MNXM146293
mgdg1829Z12Z1617Z_h,MNXM146292_h,MNXM146292
mgdg1829Z12Z1627Z10Z_h,MNXM145909_h,MNXM145909
mgdg1829Z12Z1634Z7Z10Z_h,MNXM146290_h,MNXM146290
mgdg1829Z12Z1637Z10Z13Z_h,MNXM146175_h,MNXM146175
mgdg1829Z12Z1644Z7Z10Z13Z_h,MNXM146291_h,MNXM146291
mgdg1839Z12Z15Z160_h,MNXM146595_h,MNXM146595
mgdg1839Z12Z15Z1627Z10Z_h,MNXM146296_h,MNXM146296
mgdg1839Z12Z15Z1634Z7Z10Z_h,MNXM146294_h,MNXM146294
mgdg1839Z12Z15Z1637Z10Z13Z_h,MNXM146297_h,MNXM146297
mgdg1839Z12Z15Z1644Z7Z10Z13Z_h,MNXM146295_h,MNXM146295
mhpglu_m,MNXM2623_m,MNXM2623
mi13456p_c,MNXM89719_c,MNXM89719
mi13456p_n,MNXM89719_n,MNXM89719
mi1345p_c,MNXM624_c,MNXM624
mi1345p_n,MNXM624_n,MNXM624
mi1346p_c,MNXM929_c,MNXM929
mi134p_c,MNXM162765_c,MNXM162765
mi134p_n,MNXM162765_n,MNXM162765
mi1456p_c,MNXM1620_c,MNXM1620
mi1456p_n,MNXM1620_n,MNXM1620
mi145p_c,MNXM1103971_c,MNXM1103971
mi145p_n,MNXM1103971_n,MNXM1103971
mi14p_c,MNXM162282_c,MNXM162282
mi14p_n,MNXM162282_n,MNXM162282
mi1p_D_c,mi1p_D_c,mi1p_D_c
mi3456p_c,MNXM1305_c,MNXM1305
mi34p_c,MNXM1102961_c,MNXM1102961
mi3p_D_c,mi3p_D_c,mi3p_D_c
mi4p_D_c,mi4p_D_c,mi4p_D_c
mlthf_c,MNXM1102150_c,MNXM1102150
mlthf_m,MNXM1102150_m,MNXM1102150
mma_c,MNXM255_c,MNXM255
mmsa_m,mmsa_m,mmsa_m
mnt_h,MNXM41030_h,MNXM41030
mppp9_h,MNXM732749_h,MNXM732749
mppp9me_h,MNXM148334_h,MNXM148334
mpq_h,mpq_h,mpq_h
msa_m,MNXM244_m,MNXM244
msbq_h,msbq_h,msbq_h
mthgxl_c,MNXM310_c,MNXM310
mthgxl_x,MNXM310_p/glyoxysome,MNXM310
myrsACP_h,MNXM89779_h,MNXM89779
na1_c,MNXM27_c,MNXM27
na1_e,MNXM27_e,MNXM27
na1_h,MNXM27_h,MNXM27
na1_m,MNXM27_m,MNXM27
nac_c,MNXM274_c,MNXM274
nad_c,MNXM8_c,MNXM8
nad_f,MNXM8_f,MNXM8
nad_h,MNXM8_h,MNXM8
nad_m,MNXM8_m,MNXM8
nad_x,MNXM8_p/glyoxysome,MNXM8
nadh_c,MNXM10_c,MNXM10
nadh_f,MNXM10_f,MNXM10
nadh_h,MNXM10_h,MNXM10
nadh_m,MNXM10_m,MNXM10
nadh_x,MNXM10_p/glyoxysome,MNXM10
nadp_c,MNXM5_c,MNXM5
nadp_h,MNXM5_h,MNXM5
nadp_m,MNXM5_m,MNXM5
nadp_s,MNXM5_s,MNXM5
nadp_u,MNXM5_u,MNXM5
nadp_x,MNXM5_p/glyoxysome,MNXM5
nadph_c,MNXM738702_c,MNXM738702
nadph_h,MNXM738702_h,MNXM738702
nadph_m,MNXM738702_m,MNXM738702
nadph_s,MNXM738702_s,MNXM738702
nadph_u,MNXM738702_u,MNXM738702
nadph_x,MNXM738702_p/glyoxysome,MNXM738702
ncam_c,MNXM216_c,MNXM216
nh4_c,MNXM729304_c,MNXM729304
nh4_e,MNXM729304_e,MNXM729304
nh4_h,MNXM729304_h,MNXM729304
nh4_m,MNXM729304_m,MNXM729304
nh4_n,MNXM729304_n,MNXM729304
nh4_x,MNXM729304_p/glyoxysome,MNXM729304
nicrnt_c,MNXM194_c,MNXM194
nicrnt_m,MNXM194_m,MNXM194
nmn_c,MNXM355_c,MNXM355
no_c,MNXM1107902_c,MNXM1107902
no2_c,MNXM107_c,MNXM107
no2_e,MNXM107_e,MNXM107
no2_h,MNXM107_h,MNXM107
no3_c,MNXM732399_c,MNXM732399
no3_e,MNXM732399_e,MNXM732399
norsp_h,norsp_h,norsp_h
NPmehis_c,MNXM739681_c,MNXM739681
o2_c,MNXM735438_c,MNXM735438
o2_h,MNXM735438_h,MNXM735438
o2_m,MNXM735438_m,MNXM735438
o2_u,MNXM735438_u,MNXM735438
o2_x,MNXM735438_p/glyoxysome,MNXM735438
oaa_c,MNXM46_c,MNXM46
oaa_h,MNXM46_h,MNXM46
oaa_m,MNXM46_m,MNXM46
obfool_c,MNXM732528_c,MNXM732528
oc2coa_m,MNXM1106008_m,MNXM1106008
oc2coa_x,MNXM1106008_p/glyoxysome,MNXM1106008
ocACP_h,MNXM728540_h,MNXM728540
occoa_m,MNXM342_m,MNXM342
occoa_x,MNXM342_p/glyoxysome,MNXM342
ocdca_c,MNXM236_c,MNXM236
ocdca_h,MNXM236_h,MNXM236
ocdcaACP_h,MNXM3075_h,MNXM3075
ocdccoa_c,MNXM4755_c,MNXM4755
ocdce9a_c,MNXM306_c,MNXM306
ocdce9a_h,MNXM306_h,MNXM306
ocdce9coa_c,MNXM1105956_c,MNXM1105956
ocdcea_c,MNXM306~_c,MNXM306
ocdcea_h,MNXM306~_h,MNXM306
ocdcecoa_c,MNXM145583_c,MNXM145583
octe9ACP_h,MNXM146128_h,MNXM146128
octeACP_h,MNXM728703_h,MNXM728703
od2coa_c,MNXM1104783_c,MNXM1104783
ogmeACP_m,MNXM147799_m,MNXM147799
opmeACP_m,MNXM147801_m,MNXM147801
orn_c,MNXM741175_c,MNXM741175
orn_h,MNXM741175_h,MNXM741175
orn_m,MNXM741175_m,MNXM741175
orot_c,MNXM235_c,MNXM235
orot_m,MNXM235_m,MNXM235
orot5p_c,MNXM519_c,MNXM519
p3h5c_c,p3h5c_c,p3h5c_c
pa_c,MNXM145797_c,MNXM145797
pa160_h,MNXM17312_h,MNXM17312
pa16018111Z_c,MNXM145834_c,MNXM145834
pa1601819Z_c,MNXM145699_c,MNXM145699
pa1601819Z_h,MNXM145699_h,MNXM145699
pa1801819Z_c,MNXM145678_c,MNXM145678
pa1801819Z_h,MNXM145678_h,MNXM145678
pa18111Z160_c,MNXM145696_c,MNXM145696
pa18111Z160_h,MNXM145696_h,MNXM145696
pa18111Z18111Z_c,MNXM145833_c,MNXM145833
pa18111Z1819Z_c,MNXM145677_c,MNXM145677
pa18111Z1819Z_h,MNXM145677_h,MNXM145677
pa1819Z160_c,MNXM145698_c,MNXM145698
pa1819Z160_h,MNXM145698_h,MNXM145698
pa1819Z1619Z_h,MNXM147356_h,MNXM147356
pa1819Z18111Z_c,MNXM145697_c,MNXM145697
pa1819Z18111Z_h,MNXM145697_h,MNXM145697
pa1819Z1819Z_c,MNXM145676_c,MNXM145676
pa1819Z1819Z_h,MNXM145676_h,MNXM145676
pacoa_c,MNXM145692_c,MNXM145692
pail18111Z160_c,MNXM146483_c,MNXM146483
pail18111Z160_e,MNXM146483_e,MNXM146483
pail1819Z160_c,MNXM146484_c,MNXM146484
pail1819Z160_e,MNXM146484_e,MNXM146484
pail3P18111Z160_c,pail3P18111Z160_c,pail3P18111Z160_c
pail3P1819Z160_c,pail3P1819Z160_c,pail3P1819Z160_c
pail45P18111Z160_c,pail45P18111Z160_c,pail45P18111Z160_c
pail45P1819Z160_c,pail45P1819Z160_c,pail45P1819Z160_c
pail4P18111Z160_c,pail4P18111Z160_c,pail4P18111Z160_c
pail4P1819Z160_c,pail4P1819Z160_c,pail4P1819Z160_c
palmACP_h,MNXM2026_h,MNXM2026
pan4p_c,MNXM75169_c,MNXM75169
pant_R_c,pant_R_c,pant_R_c
pant_R_m,pant_R_m,pant_R_m
pap_c,MNXM45_c,MNXM45
pap_h,MNXM45_h,MNXM45
pap_m,MNXM45_m,MNXM45
paps_c,MNXM49_c,MNXM49
paps_h,MNXM49_h,MNXM49
paps_m,MNXM49_m,MNXM49
pcb_h,pcb_h,pcb_h
pcdme_h,pcdme_h,pcdme_h
pchlda_h,MNXM163566_h,MNXM163566
pdp_h,pdp_h,pdp_h
pdp_u,pdp_u,pdp_u
pdx5p_c,MNXM454_c,MNXM454
pe1801819Z_c,MNXM146442_c,MNXM146442
pe1801819Z_e,MNXM146442_e,MNXM146442
pe1801829Z12Z_c,MNXM146443_c,MNXM146443
pe1801829Z12Z_e,MNXM146443_e,MNXM146443
pe1801835Z9Z12Z_c,MNXM145916_c,MNXM145916
pe1801835Z9Z12Z_e,MNXM145916_e,MNXM145916
pe1801845Z9Z12Z15Z_c,MNXM146214_c,MNXM146214
pe1801845Z9Z12Z15Z_e,MNXM146214_e,MNXM146214
pe18111Z1819Z_c,MNXM71649_c,MNXM71649
pe18111Z1819Z_e,MNXM71649_e,MNXM71649
pe18111Z1829Z12Z_c,MNXM71650_c,MNXM71650
pe18111Z1829Z12Z_e,MNXM71650_e,MNXM71650
pe18111Z1835Z9Z12Z_c,MNXM145917_c,MNXM145917
pe18111Z1835Z9Z12Z_e,MNXM145917_e,MNXM145917
pe18111Z1845Z9Z12Z15Z_c,MNXM146215_c,MNXM146215
pe18111Z1845Z9Z12Z15Z_e,MNXM146215_e,MNXM146215
pe1819Z1819Z_c,MNXM737425_c,MNXM737425
pe1819Z1819Z_e,MNXM737425_e,MNXM737425
pe1819Z1829Z12Z_c,MNXM146447_c,MNXM146447
pe1819Z1829Z12Z_e,MNXM146447_e,MNXM146447
pe1819Z1835Z9Z12Z_c,MNXM145871_c,MNXM145871
pe1819Z1835Z9Z12Z_e,MNXM145871_e,MNXM145871
pe1819Z1845Z9Z12Z15Z_c,MNXM146216_c,MNXM146216
pe1819Z1845Z9Z12Z15Z_e,MNXM146216_e,MNXM146216
pe1829Z12Z1835Z9Z12Z_c,MNXM146217_c,MNXM146217
pe1829Z12Z1835Z9Z12Z_e,MNXM146217_e,MNXM146217
pep_c,MNXM73_c,MNXM73
pep_f,MNXM73_f,MNXM73
pep_h,MNXM73_h,MNXM73
pep_m,MNXM73_m,MNXM73
pg18111Z160_c,MNXM146304_c,MNXM146304
pg18111Z160_e,MNXM146304_e,MNXM146304
pg18111Z160_h,MNXM146304_h,MNXM146304
pg18111Z1613E_h,MNXM147276_h,MNXM147276
pg1819Z160_c,MNXM146218_c,MNXM146218
pg1819Z160_e,MNXM146218_e,MNXM146218
pg1819Z160_h,MNXM146218_h,MNXM146218
pg1819Z1613E_h,MNXM147277_h,MNXM147277
pg1829Z12Z160_h,MNXM146448_h,MNXM146448
pg1829Z12Z1613E_h,MNXM147278_h,MNXM147278
pg1839Z12Z15Z160_h,MNXM146609_h,MNXM146609
pg1839Z12Z15Z1613E_h,MNXM147279_h,MNXM147279
pgp18111Z160_c,MNXM146610_c,MNXM146610
pgp18111Z160_e,MNXM146610_e,MNXM146610
pgp18111Z160_h,MNXM146610_h,MNXM146610
pgp1819Z160_c,MNXM146611_c,MNXM146611
pgp1819Z160_e,MNXM146611_e,MNXM146611
pgp1819Z160_h,MNXM146611_h,MNXM146611
phe_L_c,phe_L_c,phe_L_c
phe_L_h,phe_L_h,phe_L_h
phe_L_m,phe_L_m,phe_L_m
pheme_h,MNXM249_h,MNXM249
pheme_m,MNXM249_m,MNXM249
phen_c,phen_c,phen_c
phetrna_c,MNXM741194_c,MNXM741194
phetrna_m,MNXM741194_m,MNXM741194
phom_c,MNXM65196_c,MNXM65196
phom_h,MNXM65196_h,MNXM65196
photon450_h,MNXM145796_h,MNXM145796
photon490_s,MNXM145818_s,MNXM145818
photon646_h,MNXM145673_h,MNXM145673
phpyr_c,MNXM730221_c,MNXM730221
phpyr_h,MNXM730221_h,MNXM730221
phpyr_m,MNXM730221_m,MNXM730221
phytfl_h,MNXM148438_h,MNXM148438
phyto_h,MNXM147603_h,MNXM147603
phytol_h,MNXM2712_h,MNXM2712
pi_c,MNXM9_c,MNXM9
pi_f,MNXM9_f,MNXM9
pi_h,MNXM9_h,MNXM9
pi_m,MNXM9_m,MNXM9
pi_n,MNXM9_n,MNXM9
pi_x,MNXM9_p/glyoxysome,MNXM9
pmeACP_m,MNXM727683_m,MNXM727683
pmp_h,pmp_h,pmp_h
pmtcoa_c,MNXM88_c,MNXM88
pmtcoa_s,MNXM88_s,MNXM88
pmtcoa_x,MNXM88_p/glyoxysome,MNXM88
pnto_R_c,pnto_R_c,pnto_R_c
pnto_R_m,pnto_R_m,pnto_R_m
ppa_h,MNXM356_h,MNXM356
ppbng_h,MNXM554_h,MNXM554
ppcoa_h,MNXM86_h,MNXM86
ppcoa_m,MNXM86_m,MNXM86
ppgpp_c,MNXM1189_c,MNXM1189
pphn_c,MNXM737312_c,MNXM737312
pphn_h,MNXM737312_h,MNXM737312
ppi_c,MNXM11_c,MNXM11
ppi_h,MNXM11_h,MNXM11
ppi_m,MNXM11_m,MNXM11
ppi_n,MNXM11_n,MNXM11
ppi_u,MNXM11_u,MNXM11
ppp9_h,MNXM1108135_h,MNXM1108135
pppg9_h,MNXM351_h,MNXM351
pq_h,MNXM145596_h,MNXM145596
pqh2_h,MNXM145595_h,MNXM145595
pram_c,MNXM1104549_c,MNXM1104549
pram_h,MNXM1104549_h,MNXM1104549
pran_h,MNXM1489_h,MNXM1489
prbamp_c,MNXM1515_c,MNXM1515
prbamp_h,MNXM1515_h,MNXM1515
prbatp_c,MNXM728134_c,MNXM728134
prbatp_h,MNXM728134_h,MNXM728134
prfp_c,MNXM1397_c,MNXM1397
prfp_h,MNXM1397_h,MNXM1397
prlp_c,MNXM1408_c,MNXM1408
prlp_h,MNXM1408_h,MNXM1408
pro_L_c,pro_L_c,pro_L_c
pro_L_m,pro_L_m,pro_L_m
protds_h,MNXM1221_h,MNXM1221
protdt_h,MNXM1222_h,MNXM1222
protrna_c,MNXM732984_c,MNXM732984
prpncoa_c,MNXM739211_c,MNXM739211
prpncoa_m,MNXM739211_m,MNXM739211
prpp_c,MNXM91_c,MNXM91
prpp_h,MNXM91_h,MNXM91
prpp_m,MNXM91_m,MNXM91
pser_L_h,pser_L_h,pser_L_h
ptrc_c,MNXM102716_c,MNXM102716
ptrc_h,MNXM102716_h,MNXM102716
ptrc_m,MNXM102716_m,MNXM102716
ptth_c,MNXM727034_c,MNXM727034
pyam5p_c,MNXM366_c,MNXM366
pydam_c,MNXM548_c,MNXM548
pydx_c,MNXM311_c,MNXM311
pydx5p_c,MNXM161_c,MNXM161
pydxn_c,MNXM419_c,MNXM419
pyr_c,MNXM23_c,MNXM23
pyr_f,MNXM23_f,MNXM23
pyr_h,MNXM23_h,MNXM23
pyr_m,MNXM23_m,MNXM23
pyr_x,MNXM23_p/glyoxysome,MNXM23
q8_m,MNXM232_m,MNXM232
q8h2_m,MNXM191_m,MNXM191
quln_m,MNXM555_m,MNXM555
r1p_c,MNXM295_c,MNXM295
r1p_h,MNXM295_h,MNXM295
r5p_c,MNXM1104056_c,MNXM1104056
r5p_h,MNXM1104056_h,MNXM1104056
raffin_h,MNXM1108339_h,MNXM1108339
rb15bp_h,MNXM507504_h,MNXM507504
retac_s,MNXM740394_s,MNXM740394
retinal_s,MNXM425_s,MNXM425
retinal_11_cis_s,MNXM730477_s,MNXM730477
retinol_s,MNXM162234_s,MNXM162234
retinol_cis_11_s,MNXM870_s,MNXM870
retpalm_s,MNXM1137721_s,MNXM1137721
retpalm_11_cis_s,MNXM730768_s,MNXM730768
rhodopsin_s,MNXM734360_s,MNXM734360
rib_D_c,rib_D_c,rib_D_c
ribflv_c,MNXM270_c,MNXM270
ribflv_h,MNXM270_h,MNXM270
ru5p_D_c,ru5p_D_c,ru5p_D_c
ru5p_D_h,ru5p_D_h,ru5p_D_h
s_m,MNXM89_m,MNXM89
s17bp_h,MNXM163895_h,MNXM163895
s7p_h,MNXM733314_h,MNXM733314
sbt_D_h,sbt_D_h,sbt_D_h
scl_h,MNXM740871_h,MNXM740871
scys_L_c,scys_L_c,scys_L_c
scys_L_h,scys_L_h,scys_L_h
scys_L_m,scys_L_m,scys_L_m
sdhlam_m,MNXM735018_m,MNXM735018
seahcys_c,MNXM163574_c,MNXM163574
selcys_c,MNXM727_c,MNXM727
selcys_h,MNXM727_h,MNXM727
selcys_m,MNXM727_m,MNXM727
selcyst_c,MNXM731932_c,MNXM731932
selcyst_h,MNXM731932_h,MNXM731932
selhcys_c,MNXM733066_c,MNXM733066
selhcys_h,MNXM733066_h,MNXM733066
seln_c,MNXM741485_c,MNXM741485
seln_h,MNXM741485_h,MNXM741485
seln_m,MNXM741485_m,MNXM741485
selt_c,selt_c,selt_c
selt_m,selt_m,selt_m
ser_D_c,ser_D_c,ser_D_c
ser_L_c,ser_L_c,ser_L_c
ser_L_h,ser_L_h,ser_L_h
ser_L_m,ser_L_m,ser_L_m
sertrna_c,MNXM90842_c,MNXM90842
sertrna_sec_m,MNXM90476_m,MNXM90476
sheme_h,MNXM82173_h,MNXM82173
skm_h,MNXM602_h,MNXM602
skm5p_h,MNXM1265_h,MNXM1265
so4_c,MNXM58_c,MNXM58
so4_e,MNXM58_e,MNXM58
so4_m,MNXM58_m,MNXM58
so4_n,MNXM58_n,MNXM58
sph1p_c,MNXM487_c,MNXM487
sphgn_c,MNXM302_c,MNXM302
sphings_c,MNXM1107914_c,MNXM1107914
sphs1p_c,MNXM1104091_c,MNXM1104091
spmd_c,MNXM124_c,MNXM124
spmd_h,MNXM124_h,MNXM124
spmd_m,MNXM124_m,MNXM124
spp_h,spp_h,spp_h
sprm_h,MNXM408_h,MNXM408
sqdg160_h,MNXM146235_h,MNXM146235
sqdg18111Z160_h,MNXM146312_h,MNXM146312
sqdg1819Z160_h,MNXM146234_h,MNXM146234
sqdg1829Z12Z160_h,MNXM146625_h,MNXM146625
sqdg1839Z12Z15Z160_h,MNXM147311_h,MNXM147311
sql_c,MNXM292_c,MNXM292
Ssq23epx_c,MNXM130_c,MNXM130
stc_h,stc_h,stc_h
stcoa_c,MNXM272_c,MNXM272
succ_c,MNXM25_c,MNXM25
succ_h,MNXM25_h,MNXM25
succ_m,MNXM25_m,MNXM25
succoa_m,MNXM1104774_m,MNXM1104774
suchms_c,MNXM820_c,MNXM820
suchms_h,MNXM820_h,MNXM820
sucr_h,MNXM1104180_h,MNXM1104180
sucsal_h,MNXM172_h,MNXM172
sucsal_m,MNXM172_m,MNXM172
t3c11vaceACP_h,MNXM5958_h,MNXM5958
tag16018111Z160_c,MNXM146314_c,MNXM146314
tag16018111Z180_c,MNXM728885_c,MNXM728885
tag16018111Z18111Z_c,MNXM728751_c,MNXM728751
tag16018111Z1819Z_c,MNXM145926_c,MNXM145926
tag16018111Z1835Z9Z12Z_c,MNXM146631_c,MNXM146631
tag16018111Z1845Z9Z12Z15Z_c,MNXM146632_c,MNXM146632
tag1601819Z160_c,MNXM133744_c,MNXM133744
tag1601819Z180_c,MNXM133746_c,MNXM133746
tag1601819Z18111Z_c,MNXM728757_c,MNXM728757
tag1601819Z1819Z_c,MNXM728553_c,MNXM728553
tag1601819Z1835Z9Z12Z_c,MNXM146634_c,MNXM146634
tag1601819Z1845Z9Z12Z15Z_c,MNXM146635_c,MNXM146635
tag1801819Z160_c,MNXM728784_c,MNXM728784
tag1801819Z180_c,MNXM146636_c,MNXM146636
tag1801819Z18111Z_c,MNXM728763_c,MNXM728763
tag1801819Z1819Z_c,MNXM730417_c,MNXM730417
tag1801819Z1835Z9Z12Z_c,MNXM146637_c,MNXM146637
tag1801819Z1845Z9Z12Z15Z_c,MNXM146638_c,MNXM146638
tag18111Z18111Z160_c,MNXM146317_c,MNXM146317
tag18111Z18111Z180_c,MNXM146639_c,MNXM146639
tag18111Z18111Z18111Z_c,MNXM146241_c,MNXM146241
tag18111Z18111Z1819Z_c,MNXM728165_c,MNXM728165
tag18111Z18111Z1835Z9Z12Z_c,MNXM146640_c,MNXM146640
tag18111Z18111Z1845Z9Z12Z15Z_c,MNXM146641_c,MNXM146641
tag18111Z1819Z160_c,MNXM728756_c,MNXM728756
tag18111Z1819Z180_c,MNXM728764_c,MNXM728764
tag18111Z1819Z18111Z_c,MNXM135915_c,MNXM135915
tag18111Z1819Z1819Z_c,MNXM728169_c,MNXM728169
tag18111Z1819Z1835Z9Z12Z_c,MNXM146643_c,MNXM146643
tag18111Z1819Z1845Z9Z12Z15Z_c,MNXM146644_c,MNXM146644
tag1819Z18111Z160_c,MNXM146319_c,MNXM146319
tag1819Z18111Z180_c,MNXM728144_c,MNXM728144
tag1819Z18111Z18111Z_c,MNXM728164_c,MNXM728164
tag1819Z18111Z1819Z_c,MNXM85618_c,MNXM85618
tag1819Z18111Z1835Z9Z12Z_c,MNXM146646_c,MNXM146646
tag1819Z18111Z1845Z9Z12Z15Z_c,MNXM146647_c,MNXM146647
tag1819Z1819Z160_c,MNXM728556_c,MNXM728556
tag1819Z1819Z180_c,MNXM730416_c,MNXM730416
tag1819Z1819Z18111Z_c,MNXM728172_c,MNXM728172
tag1819Z1819Z1819Z_c,MNXM145932_c,MNXM145932
tag1819Z1819Z1835Z9Z12Z_c,MNXM146649_c,MNXM146649
tag1819Z1819Z1845Z9Z12Z15Z_c,MNXM146650_c,MNXM146650
tclyc_h,tclyc_h,tclyc_h
tczcar_h,tczcar_h,tczcar_h
td2coa_m,MNXM1104173_m,MNXM1104173
td2coa_x,MNXM1104173_p/glyoxysome,MNXM1104173
tdcoa_m,MNXM224_m,MNXM224
tdcoa_x,MNXM224_p/glyoxysome,MNXM224
tddec2eACP_h,MNXM728708_h,MNXM728708
tdec2eACP_h,MNXM733432_h,MNXM733432
tega_c,MNXM9133_c,MNXM9133
tega_e,MNXM9133_e,MNXM9133
tfenfe2_h,MNXM21532_h,MNXM21532
tfenfe3_h,MNXM20152_h,MNXM20152
tgua_c,MNXM740930_c,MNXM740930
tgua_e,MNXM740930_e,MNXM740930
thcys_h,MNXM3840_h,MNXM3840
thdp_c,MNXM722737_c,MNXM722737
thex2eACP_h,MNXM728716_h,MNXM728716
thf_c,MNXM89609_c,MNXM89609
thf_h,MNXM89609_h,MNXM89609
thf_m,MNXM89609_m,MNXM89609
thfglu_c,MNXM1103840_c,MNXM1103840
thfglu_m,MNXM1103840_m,MNXM1103840
thm_c,MNXM730135_c,MNXM730135
thmmp_c,MNXM662_c,MNXM662
thmpp_c,MNXM256_c,MNXM256
thmpp_m,MNXM256_m,MNXM256
thmtp_c,MNXM1341_c,MNXM1341
thr_L_c,thr_L_c,thr_L_c
thr_L_h,thr_L_h,thr_L_h
thr_L_m,thr_L_m,thr_L_m
thrtrna_c,MNXM89895_c,MNXM89895
thrtrna_m,MNXM89895_m,MNXM89895
thymd_c,MNXM420_c,MNXM420
tmrs2eACP_h,MNXM728722_h,MNXM728722
toct2eACP_h,MNXM728591_h,MNXM728591
toctd2eACP_h,MNXM728719_h,MNXM728719
tpalm2eACP_h,MNXM29072_h,MNXM29072
trdox_c,MNXM729076_c,MNXM729076
trdox_h,MNXM729076_h,MNXM729076
trdrd_c,MNXM96993_c,MNXM96993
trdrd_h,MNXM96993_h,MNXM96993
tre_c,MNXM1106022_c,MNXM1106022
tre6p_c,MNXM448_c,MNXM448
tre6p_n,MNXM448_n,MNXM448
trnaala_c,MNXM88204_c,MNXM88204
trnaala_m,MNXM88204_m,MNXM88204
trnaarg_c,MNXM90751_c,MNXM90751
trnaasn_c,MNXM90665_c,MNXM90665
trnaasn_m,MNXM90665_m,MNXM90665
trnaasp_c,MNXM90752_c,MNXM90752
trnaasp_m,MNXM90752_m,MNXM90752
trnacys_c,MNXM162355_c,MNXM162355
trnagln_c,MNXM71_c,MNXM71
trnaglu_c,MNXM90886_c,MNXM90886
trnaglu_h,MNXM90886_h,MNXM90886
trnagly_c,MNXM90340_c,MNXM90340
trnagly_m,MNXM90340_m,MNXM90340
trnahis_c,MNXM90878_c,MNXM90878
trnaile_c,MNXM90879_c,MNXM90879
trnaile_m,MNXM90879_m,MNXM90879
trnaleu_c,MNXM90880_c,MNXM90880
trnalys_c,MNXM90881_c,MNXM90881
trnalys_m,MNXM90881_m,MNXM90881
trnamet_c,MNXM90882_c,MNXM90882
trnaphe_c,MNXM90753_c,MNXM90753
trnaphe_m,MNXM90753_m,MNXM90753
trnapro_c,MNXM90667_c,MNXM90667
trnasecys_m,MNXM93990_m,MNXM93990
trnaser_c,MNXM91028_c,MNXM91028
trnathr_c,MNXM90883_c,MNXM90883
trnathr_m,MNXM90883_m,MNXM90883
trnatrp_c,MNXM90755_c,MNXM90755
trnatyr_c,MNXM90668_c,MNXM90668
trnaval_c,MNXM90885_c,MNXM90885
trnaval_h,MNXM90885_h,MNXM90885
trp_L_c,trp_L_c,trp_L_c
trp_L_h,trp_L_h,trp_L_h
trptrna_c,MNXM741200_c,MNXM741200
tsul_c,MNXM731080_c,MNXM731080
tsul_h,MNXM731080_h,MNXM731080
tsul_m,MNXM731080_m,MNXM731080
ttc_ggdp_c,MNXM1102546_c,MNXM1102546
ttdca_h,MNXM162239_h,MNXM162239
tyr_L_c,tyr_L_c,tyr_L_c
tyr_L_h,tyr_L_h,tyr_L_h
tyr_L_m,tyr_L_m,tyr_L_m
tyrtrna_c,MNXM741213_c,MNXM741213
uacgam_c,MNXM736710_c,MNXM736710
udp_c,MNXM1102128_c,MNXM1102128
udp_f,MNXM1102128_f,MNXM1102128
udp_g,MNXM1102128_g,MNXM1102128
udp_h,MNXM1102128_h,MNXM1102128
udp_n,MNXM1102128_n,MNXM1102128
udparab_c,MNXM1108369_c,MNXM1108369
udpg_c,MNXM722710_c,MNXM722710
udpg_f,MNXM722710_f,MNXM722710
udpg_h,MNXM722710_h,MNXM722710
udpg_n,MNXM722710_n,MNXM722710
udpgal_c,MNXM722709_c,MNXM722709
udpgal_g,MNXM722709_g,MNXM722709
udpgal_h,MNXM722709_h,MNXM722709
udpgalur_c,MNXM1092_c,MNXM1092
udpglcur_c,MNXM87_c,MNXM87
udpsq_h,MNXM3379_h,MNXM3379
udpxyl_c,MNXM733447_c,MNXM733447
ump_c,MNXM80_c,MNXM80
ump_h,MNXM80_h,MNXM80
uppg1_h,MNXM165232_h,MNXM165232
uppg3_h,MNXM414_h,MNXM414
ura_c,MNXM158_c,MNXM158
urate_c,MNXM1105965_c,MNXM1105965
urate_e,MNXM1105965_e,MNXM1105965
urate_m,MNXM1105965_m,MNXM1105965
urea_c,MNXM117_c,MNXM117
urea_e,MNXM117_e,MNXM117
urea_m,MNXM117_m,MNXM117
uri_c,MNXM1103104_c,MNXM1103104
utp_c,MNXM1101474_c,MNXM1101474
val_L_c,val_L_c,val_L_c
val_L_h,val_L_h,val_L_h
val_L_m,val_L_m,val_L_m
valtrna_c,MNXM90110_c,MNXM90110
valtrna_h,MNXM90110_h,MNXM90110
vioxan_u,MNXM583_u,MNXM583
vitd3_c,MNXM1107217_c,MNXM1107217
xan_c,MNXM174_c,MNXM174
xmp_c,MNXM89160_c,MNXM89160
xmp_m,MNXM89160_m,MNXM89160
xtp_c,MNXM1860_c,MNXM1860
xtsn_c,MNXM1103769_c,MNXM1103769
xu5p_D_c,xu5p_D_c,xu5p_D_c
xu5p_D_h,xu5p_D_h,xu5p_D_h
yvite_h,yvite_h,yvite_h
zaxan_u,zaxan_u,zaxan_u
zcaro_h,zcaro_h,zcaro_h
zxan_u,MNXM739741_u,MNXM739741
